{
  "accuracy": 0.4666666666666667,
  "precision": 0.4666666666666667,
  "recall": 1.0,
  "f1": 0.6363636363636364,
  "auc": 0.62,
  "ndcg@5": 0.7860137352654724,
  "ndcg@10": 0.7827392871477703,
  "map@5": 0.8041666666666667,
  "map@10": 0.7823412698412697,
  "hit_rate@10": 1.0,
  "loss": 0.7114529410998026
}