user_id,item_id,score,rank
75,152,0.42512252926826477,1
75,1042,0.42446303367614746,2
75,258,0.4219987988471985,3
75,394,0.4213668406009674,4
75,1202,0.4198400378227234,5
75,1053,0.41934633255004883,6
75,1283,0.417609840631485,7
75,95,0.41745948791503906,8
75,1208,0.4173550605773926,9
75,941,0.41535884141921997,10
