user_id,item_id,score,rank
2703,1065,0.3292205035686493,1
2703,1042,0.3218458294868469,2
2703,1283,0.3218216300010681,3
2703,546,0.32131630182266235,4
2703,1007,0.3209063410758972,5
2703,753,0.3202469050884247,6
2703,124,0.3201693892478943,7
2703,919,0.3197202980518341,8
2703,201,0.3187312185764313,9
2703,850,0.3176232874393463,10
