{
  "best_epoch": 5,
  "metrics": {
    "accuracy": 0.46308724832214765,
    "precision": 0.46308724832214765,
    "recall": 1.0,
    "f1": 0.6330275229357798,
    "auc": 0.49184782608695654,
    "ndcg@5": 0.13120507751234178,
    "ndcg@10": 0.22212782793993277,
    "map@5": 0.2,
    "map@10": 0.2619047619047619,
    "hit_rate@10": 1.0,
    "loss": 0.7008832494417826
  }
}