{
  "accuracy": 0.4666666666666667,
  "precision": 0.4666666666666667,
  "recall": 1.0,
  "f1": 0.6363636363636364,
  "roc_auc": 0.62,
  "average_precision": 0.5980959686820313
}